{"cameraMode":{"drawMode":0,"name":"Shaded","section":"Shading Mode"},"sceneLighting":false,"audioPlay":false,"sceneViewState":{"showFog":true,"showMaterialUpdate":false,"showSkybox":false,"showFlares":true,"showImageEffects":true,"showParticleSystems":true},"in2DMode":false,"pivot":{"x":-13.350001335144043,"y":32.650001525878909,"z":0.0},"rotation":{"x":-0.2168734222650528,"y":0.4621339440345764,"z":-0.11766216903924942,"w":-0.8517977595329285},"size":53.750579833984378,"orthographic":false}